[LocalizedFileNames]
jordan-steranka-645051-unsplash.jpg=@jordan-steranka-645051-unsplash.jpg,0
ian-froome-362138-unsplash.jpg=@ian-froome-362138-unsplash.jpg,0
paul-wallez-458490-unsplash.jpg=@paul-wallez-458490-unsplash.jpg,0
tyler-gebhart-488825-unsplash.jpg=@tyler-gebhart-488825-unsplash.jpg,0
nicolas-outh-432088-unsplash.jpg=@nicolas-outh-432088-unsplash.jpg,0
wes-hicks-464614-unsplash.jpg=@wes-hicks-464614-unsplash.jpg,0
james-donovan-414207-unsplash.jpg=@james-donovan-414207-unsplash.jpg,0
nathan-dumlao-296548-unsplash.jpg=@nathan-dumlao-296548-unsplash.jpg,0
ugur-akdemir-283278-unsplash.jpg=@ugur-akdemir-283278-unsplash.jpg,0
patrick-hendry-357978-unsplash.jpg=@patrick-hendry-357978-unsplash.jpg,0
adam-chang-231299-unsplash.jpg=@adam-chang-231299-unsplash.jpg,0
andrea-rizzo-621557-unsplash.jpg=@andrea-rizzo-621557-unsplash.jpg,0
cristian-alvarez-465786-unsplash.jpg=@cristian-alvarez-465786-unsplash.jpg,0
stephen-leonardi-435065-unsplash.jpg=@stephen-leonardi-435065-unsplash.jpg,0
wes-hicks-456072-unsplash.jpg=@wes-hicks-456072-unsplash.jpg,0
alan-labisch-290498-unsplash.jpg=@alan-labisch-290498-unsplash.jpg,0
fabian-kozdon-271993-unsplash.jpg=@fabian-kozdon-271993-unsplash.jpg,0
johannes-plenio-296374-unsplash.jpg=@johannes-plenio-296374-unsplash.jpg,0
artem-sapegin-325529-unsplash.jpg=@artem-sapegin-325529-unsplash.jpg,0
robert-kalinagil-337366-unsplash.jpg=@robert-kalinagil-337366-unsplash.jpg,0
anastasia-taioglou-347661-unsplash.jpg=@anastasia-taioglou-347661-unsplash.jpg,0
luka-vovk-505220-unsplash.jpg=@luka-vovk-505220-unsplash.jpg,0
jose-llamas-471261-unsplash.jpg=@jose-llamas-471261-unsplash.jpg,0
patrick-hendry-547014-unsplash.jpg=@patrick-hendry-547014-unsplash.jpg,0
etienne-bosiger-367964-unsplash.jpg=@etienne-bosiger-367964-unsplash.jpg,0
eberhard-grossgasteiger-345026-unsplash.jpg=@eberhard-grossgasteiger-345026-unsplash.jpg,0
sergey-pesterev-328200-unsplash.jpg=@sergey-pesterev-328200-unsplash.jpg,0
urban-sanden-235664-unsplash.jpg=@urban-sanden-235664-unsplash.jpg,0
steven-coffey-349167-unsplash.jpg=@steven-coffey-349167-unsplash.jpg,0
delfi-de-la-rua-294635-unsplash.jpg=@delfi-de-la-rua-294635-unsplash.jpg,0
laura-vinck-427554-unsplash.jpg=@laura-vinck-427554-unsplash.jpg,0
david-von-diemar-644762-unsplash.jpg=@david-von-diemar-644762-unsplash.jpg,0
